{"properties":{"connectionReferences":{"shared_commondataserviceforapps":{"runtimeSource":"embedded","connection":{},"api":{"name":"shared_commondataserviceforapps"}}},"definition":{"$schema":"https://schema.management.azure.com/providers/Microsoft.Logic/schemas/2016-06-01/workflowdefinition.json#","contentVersion":"1.0.0.0","parameters":{"$connections":{"defaultValue":{},"type":"Object"},"$authentication":{"defaultValue":{},"type":"SecureObject"}},"triggers":{"Recurrence":{"recurrence":{"frequency":"Day","interval":1,"timeZone":"Central Standard Time","schedule":{"hours":["1"]}},"type":"Recurrence"}},"actions":{"Get_Job_Templates_for_today":{"runAfter":{"Initialize_JobOccurrsToday_variable":["Succeeded"]},"type":"OpenApiConnection","inputs":{"host":{"connectionName":"shared_commondataserviceforapps","operationId":"ListRecords","apiId":"/providers/Microsoft.PowerApps/apis/shared_commondataserviceforapps"},"parameters":{"entityName":"rsm_jobtemplates","$filter":"rsm_activestartdate le @{utcNow()} and rsm_activeenddate ge @{utcNow()} and statecode eq 0"},"authentication":"@parameters('$authentication')"}},"Apply_to_each_Job_Template":{"foreach":"@outputs('Get_Job_Templates_for_today')?['body/value']","actions":{"Set_Occurrences_variable":{"runAfter":{},"type":"SetVariable","inputs":{"name":"Occurrences","value":"@if(equals(items('Apply_to_each_Job_Template')?['rsm_cadence'], null), 0, items('Apply_to_each_Job_Template')?['rsm_cadence'])"}},"Set_FrequencyType_variable":{"runAfter":{"Set_Occurrences_variable":["Succeeded"]},"type":"SetVariable","inputs":{"name":"FrequenyType","value":"@{items('Apply_to_each_Job_Template')?['rsm_frequencytype']}"}},"Current_time":{"runAfter":{"Set_FrequencyType_variable":["Succeeded"]},"type":"Expression","kind":"CurrentTime","inputs":{}},"Convert_to_local_time_zone":{"runAfter":{"Current_time":["Succeeded"]},"type":"Expression","kind":"ConvertTimeZone","inputs":{"baseTime":"@body('Current_time')","formatString":"D","sourceTimeZone":"UTC","destinationTimeZone":"Central Standard Time"}},"Convert_time_zone":{"runAfter":{"Set_StartTime_to_time_portion_of_Job_Template_Frequency_Start_Time":["Succeeded"]},"type":"Expression","kind":"ConvertTimeZone","inputs":{"baseTime":"@variables('StartTime')","formatString":"T","sourceTimeZone":"UTC","destinationTimeZone":"Central Standard Time"}},"Set_StartTime_variable_for_local_time":{"runAfter":{"Convert_time_zone":["Succeeded"]},"type":"SetVariable","inputs":{"name":"StartTime","value":"@{formatDateTime(utcNow(), 'MM/dd/yyyy')} @{body('Convert_time_zone')}"}},"Convert_StartTime_to_UTC":{"runAfter":{"Set_StartTime_variable_for_local_time":["Succeeded"]},"type":"Expression","kind":"ConvertTimeZone","inputs":{"baseTime":"@variables('StartTime')","formatString":"F","sourceTimeZone":"Central Standard Time","destinationTimeZone":"UTC"}},"Set_StartTime_to_time_portion_of_Job_Template_Frequency_Start_Time":{"runAfter":{"Set_JobOccurrsToday_variable":["Succeeded"]},"type":"SetVariable","inputs":{"name":"StartTime","value":"@{substring(items('Apply_to_each_Job_Template')['rsm_frequencystarttime'], 11)}"}},"Set_DayOfWeek_variable":{"runAfter":{"Convert_to_local_time_zone":["Succeeded"]},"type":"SetVariable","inputs":{"name":"DayOfWeek","value":"@dayOfWeek(body('Convert_to_local_time_zone'))"}},"Set_JobOccurrsToday_variable":{"runAfter":{"Set_DayOfWeek_variable":["Succeeded"]},"type":"SetVariable","inputs":{"name":"JobOccurrsToday","value":"@or(and(equals(variables('DayOfWeek'), 0), equals(items('Apply_to_each_Job_Template')?['rsm_sunday'],true)),and(equals(variables('DayOfWeek'), 1), equals(items('Apply_to_each_Job_Template')?['rsm_monday'],true)),and(equals(variables('DayOfWeek'), 2), equals(items('Apply_to_each_Job_Template')?['rsm_tuesday'],true)),and(equals(variables('DayOfWeek'), 3), equals(items('Apply_to_each_Job_Template')?['rsm_wednesday'],true)),and(equals(variables('DayOfWeek'), 4), equals(items('Apply_to_each_Job_Template')?['rsm_thursday'],true)),and(equals(variables('DayOfWeek'), 5), equals(items('Apply_to_each_Job_Template')?['rsm_friday'],true)),and(equals(variables('DayOfWeek'), 6), equals(items('Apply_to_each_Job_Template')?['rsm_saturday'],true)))"}},"If_Job_Occurrs_Today":{"actions":{"Switch_on_Job_Template_Frequency":{"runAfter":{},"cases":{"Hourly":{"case":866800002,"actions":{"Do_until_Occurrences_is_0":{"actions":{"Create_a_Job_Record_for_Hourly_Frequency":{"runAfter":{"Convert_StartTime_to_UTC_for_API_Timezone_Offset":["Succeeded"]},"type":"OpenApiConnection","inputs":{"host":{"connectionName":"shared_commondataserviceforapps","operationId":"CreateRecord","apiId":"/providers/Microsoft.PowerApps/apis/shared_commondataserviceforapps"},"parameters":{"entityName":"rsm_jobs","item/rsm_name":"@{items('Apply_to_each_Job_Template')?['rsm_name']} #@{add(1,iterationIndexes('Do_until_Occurrences_is_0'))}","item/rsm_areaid@odata.bind":"rsm_areas(@{items('Apply_to_each_Job_Template')?['_rsm_areaid_value']})","item/rsm_description":"@items('Apply_to_each_Job_Template')?['rsm_description']","item/rsm_durationinminutes":"@items('Apply_to_each_Job_Template')?['rsm_durationinminutes']","item/rsm_frequencytype":"@items('Apply_to_each_Job_Template')?['rsm_frequencytype']","item/rsm_JobTemplateID@odata.bind":"rsm_jobtemplates(@{items('Apply_to_each_Job_Template')?['rsm_jobtemplateid']})","item/rsm_jobtype":"@items('Apply_to_each_Job_Template')?['rsm_jobtype']","item/ownerid@odata.bind":"systemusers(@{items('Apply_to_each_Job_Template')?['_ownerid_value']})","item/rsm_starttime":"@body('Convert_StartTime_to_UTC_for_API_Timezone_Offset')"},"authentication":"@parameters('$authentication')"}},"Set_CreatedJobCount_variable_to_Current_Iteration_Index":{"runAfter":{},"type":"SetVariable","inputs":{"name":"CreatedJobCount","value":"@iterationIndexes('Do_until_Occurrences_is_0')"}},"Set_StatTime_to_Next_Job_Start":{"runAfter":{"Calculate_Next_Job_Start_Time":["Succeeded"]},"type":"SetVariable","inputs":{"name":"StartTime","value":"@variables('Next Job Start Time')"}},"Convert_StartTime_to_UTC_for_API_Timezone_Offset":{"runAfter":{"Set_CreatedJobCount_variable_to_Current_Iteration_Index":["Succeeded"]},"type":"Expression","kind":"ConvertTimeZone","inputs":{"baseTime":"@variables('StartTime')","formatString":"F","sourceTimeZone":"Central Standard Time","destinationTimeZone":"UTC"}},"Calculate_Next_Job_Start_Time":{"runAfter":{"Create_a_Job_Record_for_Hourly_Frequency":["Succeeded"]},"type":"SetVariable","inputs":{"name":"Next Job Start Time","value":" @{addMinutes(variables('StartTime'), items('Apply_to_each_Job_Template')?['rsm_reoccurrseveryxminutes'])}"}}},"runAfter":{},"expression":"@greaterOrEquals(variables('CreatedJobCount'), add(variables('Occurrences'), -1))","limit":{"count":24,"timeout":"PT1H"},"type":"Until"}}},"Daily":{"case":866800001,"actions":{"Create_Daily_Job_for_Job_Template":{"runAfter":{},"type":"OpenApiConnection","inputs":{"host":{"connectionName":"shared_commondataserviceforapps","operationId":"CreateRecord","apiId":"/providers/Microsoft.PowerApps/apis/shared_commondataserviceforapps"},"parameters":{"entityName":"rsm_jobs","item/rsm_name":"@items('Apply_to_each_Job_Template')?['rsm_name']","item/rsm_areaid@odata.bind":"rsm_areas(@{items('Apply_to_each_Job_Template')?['_rsm_areaid_value']})","item/rsm_description":"@items('Apply_to_each_Job_Template')?['rsm_description']","item/rsm_durationinminutes":"@items('Apply_to_each_Job_Template')?['rsm_durationinminutes']","item/rsm_frequencytype":"@items('Apply_to_each_Job_Template')?['rsm_frequencytype']","item/rsm_JobTemplateID@odata.bind":"rsm_jobtemplates(@{items('Apply_to_each_Job_Template')?['rsm_jobtemplateid']})","item/rsm_jobtype":"@items('Apply_to_each_Job_Template')?['rsm_jobtype']","item/ownerid@odata.bind":"systemusers(@{items('Apply_to_each_Job_Template')?['_ownerid_value']})","item/rsm_starttime":"@body('Convert_StartTime_to_UTC')","item/utcconversiontimezonecode":"@items('Apply_to_each_Job_Template')?['utcconversiontimezonecode']"},"authentication":"@parameters('$authentication')"}}}},"Weekly":{"case":866800000,"actions":{"Create_Weekly_Job_for_Job_Template":{"runAfter":{},"type":"OpenApiConnection","inputs":{"host":{"connectionName":"shared_commondataserviceforapps","operationId":"CreateRecord","apiId":"/providers/Microsoft.PowerApps/apis/shared_commondataserviceforapps"},"parameters":{"entityName":"rsm_jobs","item/rsm_name":"Weekly Job @{items('Apply_to_each_Job_Template')?['rsm_name']}","item/rsm_areaid@odata.bind":"rsm_areas(@{items('Apply_to_each_Job_Template')?['_rsm_areaid_value']})","item/rsm_description":"@items('Apply_to_each_Job_Template')?['rsm_description']","item/rsm_durationinminutes":"@items('Apply_to_each_Job_Template')?['rsm_durationinminutes']","item/rsm_frequencytype":"@items('Apply_to_each_Job_Template')?['rsm_frequencytype']","item/rsm_JobTemplateID@odata.bind":"rsm_jobtemplates(@{items('Apply_to_each_Job_Template')?['rsm_jobtemplateid']})","item/rsm_jobtype":"@items('Apply_to_each_Job_Template')?['rsm_jobtype']","item/ownerid@odata.bind":"systemusers(@{items('Apply_to_each_Job_Template')?['_ownerid_value']})","item/rsm_starttime":"@body('Convert_StartTime_to_UTC')","item/utcconversiontimezonecode":"@items('Apply_to_each_Job_Template')?['utcconversiontimezonecode']"},"authentication":"@parameters('$authentication')"}}}}},"default":{"actions":{"Debug_Set_Occurrences_variable_to_0":{"runAfter":{},"type":"SetVariable","inputs":{"name":"Occurrences","value":0}}}},"expression":"@int(variables('FrequenyType'))","type":"Switch"}},"runAfter":{"Convert_StartTime_to_UTC":["Succeeded"]},"else":{"actions":{"Set_Occurrences_variable_to_0":{"runAfter":{},"type":"SetVariable","inputs":{"name":"Occurrences","value":0}}}},"expression":{"equals":["@variables('JobOccurrsToday')","@true"]},"type":"If"}},"runAfter":{"Get_Job_Templates_for_today":["Succeeded"]},"type":"Foreach","runtimeConfiguration":{"concurrency":{"repetitions":1}}},"Initialize_Occurrences_variable":{"runAfter":{"Initialize_FrequencyType_variable":["Succeeded"]},"type":"InitializeVariable","inputs":{"variables":[{"name":"Occurrences","type":"integer","value":0}]}},"Initialize_CreatedJobCount_variable":{"runAfter":{"Initialize_Occurrences_variable":["Succeeded"]},"type":"InitializeVariable","inputs":{"variables":[{"name":"CreatedJobCount","type":"integer","value":0}]}},"Initialize_FrequencyType_variable":{"runAfter":{"Initialize_StartTime_variable":["Succeeded"]},"type":"InitializeVariable","inputs":{"variables":[{"name":"FrequenyType","type":"string","value":"0"}]}},"Initialize_StartTime_variable":{"runAfter":{},"type":"InitializeVariable","inputs":{"variables":[{"name":"StartTime","type":"string","value":"@{utcNow()}"}]}},"Initialize_Next_Job_Start_Time_variable":{"runAfter":{"Initialize_CreatedJobCount_variable":["Succeeded"]},"type":"InitializeVariable","inputs":{"variables":[{"name":"Next Job Start Time","type":"string"}]}},"Initialize_DayOfWeek_variable":{"runAfter":{"Initialize_Next_Job_Start_Time_variable":["Succeeded"]},"type":"InitializeVariable","inputs":{"variables":[{"name":"DayOfWeek","type":"integer","value":0}]}},"Initialize_JobOccurrsToday_variable":{"runAfter":{"Initialize_DayOfWeek_variable":["Succeeded"]},"type":"InitializeVariable","inputs":{"variables":[{"name":"JobOccurrsToday","type":"boolean","value":"@false"}]}}},"outputs":{}}},"schemaVersion":"1.0.0.0"}