{"properties":{"connectionReferences":{"shared_commondataserviceforapps":{"runtimeSource":"embedded","connection":{},"api":{"name":"shared_commondataserviceforapps"}},"shared_powerappsnotification":{"runtimeSource":"embedded","connection":{},"api":{"name":"shared_powerappsnotification"}}},"definition":{"$schema":"https://schema.management.azure.com/providers/Microsoft.Logic/schemas/2016-06-01/workflowdefinition.json#","contentVersion":"1.0.0.0","parameters":{"$connections":{"defaultValue":{},"type":"Object"},"$authentication":{"defaultValue":{},"type":"SecureObject"}},"triggers":{"When_a_one_time_Job_record_is_created_or_updated":{"type":"OpenApiConnectionWebhook","inputs":{"host":{"connectionName":"shared_commondataserviceforapps","operationId":"SubscribeWebhookTrigger","apiId":"/providers/Microsoft.PowerApps/apis/shared_commondataserviceforapps"},"parameters":{"subscriptionRequest/message":4,"subscriptionRequest/entityname":"rsm_job","subscriptionRequest/scope":4,"subscriptionRequest/filteringattributes":"rsm_assignedtoid"},"authentication":"@parameters('$authentication')"}}},"actions":{"If_Frequency_Type_is_One_Time_and_Assigned_To_is_not_null":{"actions":{"Get_the_user_record":{"runAfter":{},"type":"OpenApiConnection","inputs":{"host":{"connectionName":"shared_commondataserviceforapps","operationId":"GetItem","apiId":"/providers/Microsoft.PowerApps/apis/shared_commondataserviceforapps"},"parameters":{"entityName":"systemusers","recordId":"@triggerOutputs()?['body/_rsm_assignedtoid_value']"},"authentication":"@parameters('$authentication')"}},"If_Modified_By_is_not_Assigned_To":{"actions":{"Send_push_notification_to_Job_Owner":{"runAfter":{},"type":"OpenApiConnection","inputs":{"host":{"connectionName":"shared_powerappsnotification","operationId":"SendPushNotification","apiId":"/providers/Microsoft.PowerApps/apis/shared_powerappsnotification"},"parameters":{"payload/recipients":["@outputs('Get_the_user_record')?['body/domainname']"],"payload/message":"@triggerOutputs()?['body/rsm_name']","payload/openApp":true},"authentication":"@parameters('$authentication')"}}},"runAfter":{"Get_the_user_record":["Succeeded"]},"expression":{"not":{"equals":["@triggerOutputs()?['body/_rsm_assignedtoid_value']","@triggerOutputs()?['body/_modifiedby_value']"]}},"type":"If"}},"runAfter":{},"expression":{"and":[{"not":{"equals":["@triggerOutputs()?['body/_rsm_assignedtoid_value']","@null"]}},{"equals":["@triggerOutputs()?['body/rsm_frequencytype']",866800003]}]},"type":"If"}},"outputs":{}}},"schemaVersion":"1.0.0.0"}