<ImportExportXml version="9.1.0.18046" SolutionPackageVersion="9.1" languagecode="1033" generatedBy="CrmLive" xmlns:xsi="http://www.w3.org/2001/XMLSchema-instance">
  <SolutionManifest>
    <UniqueName>RetailCleaning</UniqueName>
    <LocalizedNames>
      <LocalizedName description="Cleanliness" languagecode="1033" />
    </LocalizedNames>
    <Descriptions />
    <Version>1.0.0.10</Version>
    <Managed>0</Managed>
    <Publisher>
      <UniqueName>rsm</UniqueName>
      <LocalizedNames>
        <LocalizedName description="RSM" languagecode="1033" />
      </LocalizedNames>
      <Descriptions />
      <EMailAddress xsi:nil="true"></EMailAddress>
      <SupportingWebsiteUrl>https://www.rsmus.com</SupportingWebsiteUrl>
      <CustomizationPrefix>rsm</CustomizationPrefix>
      <CustomizationOptionValuePrefix>86680</CustomizationOptionValuePrefix>
      <Addresses>
        <Address>
          <AddressNumber>1</AddressNumber>
          <AddressTypeCode>1</AddressTypeCode>
          <City xsi:nil="true"></City>
          <County xsi:nil="true"></County>
          <Country xsi:nil="true"></Country>
          <Fax xsi:nil="true"></Fax>
          <FreightTermsCode xsi:nil="true"></FreightTermsCode>
          <ImportSequenceNumber xsi:nil="true"></ImportSequenceNumber>
          <Latitude xsi:nil="true"></Latitude>
          <Line1 xsi:nil="true"></Line1>
          <Line2 xsi:nil="true"></Line2>
          <Line3 xsi:nil="true"></Line3>
          <Longitude xsi:nil="true"></Longitude>
          <Name xsi:nil="true"></Name>
          <PostalCode xsi:nil="true"></PostalCode>
          <PostOfficeBox xsi:nil="true"></PostOfficeBox>
          <PrimaryContactName xsi:nil="true"></PrimaryContactName>
          <ShippingMethodCode>1</ShippingMethodCode>
          <StateOrProvince xsi:nil="true"></StateOrProvince>
          <Telephone1 xsi:nil="true"></Telephone1>
          <Telephone2 xsi:nil="true"></Telephone2>
          <Telephone3 xsi:nil="true"></Telephone3>
          <TimeZoneRuleVersionNumber xsi:nil="true"></TimeZoneRuleVersionNumber>
          <UPSZone xsi:nil="true"></UPSZone>
          <UTCOffset xsi:nil="true"></UTCOffset>
          <UTCConversionTimeZoneCode xsi:nil="true"></UTCConversionTimeZoneCode>
        </Address>
        <Address>
          <AddressNumber>2</AddressNumber>
          <AddressTypeCode>1</AddressTypeCode>
          <City xsi:nil="true"></City>
          <County xsi:nil="true"></County>
          <Country xsi:nil="true"></Country>
          <Fax xsi:nil="true"></Fax>
          <FreightTermsCode xsi:nil="true"></FreightTermsCode>
          <ImportSequenceNumber xsi:nil="true"></ImportSequenceNumber>
          <Latitude xsi:nil="true"></Latitude>
          <Line1 xsi:nil="true"></Line1>
          <Line2 xsi:nil="true"></Line2>
          <Line3 xsi:nil="true"></Line3>
          <Longitude xsi:nil="true"></Longitude>
          <Name xsi:nil="true"></Name>
          <PostalCode xsi:nil="true"></PostalCode>
          <PostOfficeBox xsi:nil="true"></PostOfficeBox>
          <PrimaryContactName xsi:nil="true"></PrimaryContactName>
          <ShippingMethodCode>1</ShippingMethodCode>
          <StateOrProvince xsi:nil="true"></StateOrProvince>
          <Telephone1 xsi:nil="true"></Telephone1>
          <Telephone2 xsi:nil="true"></Telephone2>
          <Telephone3 xsi:nil="true"></Telephone3>
          <TimeZoneRuleVersionNumber xsi:nil="true"></TimeZoneRuleVersionNumber>
          <UPSZone xsi:nil="true"></UPSZone>
          <UTCOffset xsi:nil="true"></UTCOffset>
          <UTCConversionTimeZoneCode xsi:nil="true"></UTCConversionTimeZoneCode>
        </Address>
      </Addresses>
    </Publisher>
    <RootComponents>
      <RootComponent type="1" schemaName="rsm_area" behavior="0" />
      <RootComponent type="1" schemaName="rsm_customerfeedback" behavior="0" />
      <RootComponent type="1" schemaName="rsm_job" behavior="0" />
      <RootComponent type="1" schemaName="rsm_jobtemplate" behavior="0" />
      <RootComponent type="1" schemaName="rsm_taskinstance" behavior="0" />
      <RootComponent type="1" schemaName="rsm_tasktemplate" behavior="0" />
      <RootComponent type="1" schemaName="systemuser" behavior="0" />
      <RootComponent type="9" schemaName="rsm_customerfeedback" behavior="0" />
      <RootComponent type="9" schemaName="rsm_feedbacksource" behavior="0" />
      <RootComponent type="9" schemaName="rsm_frequencytype" behavior="0" />
      <RootComponent type="9" schemaName="rsm_jobtype" behavior="0" />
      <RootComponent type="9" schemaName="rsm_managerapproval" behavior="0" />
      <RootComponent type="9" schemaName="rsm_pastdue" behavior="0" />
      <RootComponent type="9" schemaName="rsm_tasktype" behavior="0" />
      <RootComponent type="20" id="{4e0abfc6-20ab-ea11-a812-000d3a5c2ece}" behavior="0" />
      <RootComponent type="20" id="{e11dbc6d-a1aa-ea11-a812-000d3a33b5c3}" behavior="0" />
      <RootComponent type="29" id="{47f7443c-16ac-ea11-a812-000d3a5c2ece}" behavior="0" />
      <RootComponent type="29" id="{582dd0d5-4da4-ea11-a812-000d3a33b5c3}" behavior="0" />
      <RootComponent type="29" id="{8f147762-a3a5-ea11-a812-000d3a5c2ece}" behavior="0" />
      <RootComponent type="29" id="{e31635e9-aca5-ea11-a812-000d3a33b5c3}" behavior="0" />
      <RootComponent type="29" id="{e6bafff1-54a4-ea11-a812-000d3a33b5c3}" behavior="0" />
      <RootComponent type="60" id="{0a070b9b-0b45-44c9-97be-008d01388151}" behavior="0" />
      <RootComponent type="60" id="{255507f6-7170-4b8b-a24b-519fee8f3ecc}" behavior="0" />
      <RootComponent type="60" id="{a9744b9e-92a6-ea11-a812-000d3a5c2ece}" behavior="0" />
      <RootComponent type="60" id="{cabe5a83-eb5d-4c39-89da-89b74ffb3cb7}" behavior="0" />
      <RootComponent type="60" id="{cb62b5fc-1e27-459e-843a-476f1a42bb1a}" behavior="0" />
      <RootComponent type="60" id="{ef657559-0523-4117-adfd-51e343896c09}" behavior="0" />
      <RootComponent type="61" schemaName="rsm_areas.svg" behavior="0" />
      <RootComponent type="61" schemaName="rsm_feedback.svg" behavior="0" />
      <RootComponent type="61" schemaName="rsm_job.svg" behavior="0" />
      <RootComponent type="61" schemaName="rsm_jobtemplate.svg" behavior="0" />
      <RootComponent type="61" schemaName="rsm_taskinstance.svg" behavior="0" />
      <RootComponent type="61" schemaName="rsm_tasktemplate.svg" behavior="0" />
      <RootComponent type="62" schemaName="rsm_RetailCleaningManagement" behavior="0" />
      <RootComponent type="80" schemaName="rsm_RetailCleaningManagement" behavior="0" />
      <RootComponent type="300" schemaName="rsm_employeeapp_d59ef" behavior="0" />
      <RootComponent type="300" schemaName="rsm_feedbackkioskappbackup_98f11" behavior="0" />
      <RootComponent type="431" schemaName="rsm_area rsm_image" behavior="0" />
      <RootComponent type="431" schemaName="rsm_customerfeedback rsm_image" behavior="0" />
      <RootComponent type="431" schemaName="rsm_job rsm_image" behavior="0" />
      <RootComponent type="431" schemaName="rsm_tasktemplate rsm_sampleimage" behavior="0" />
      <RootComponent type="432" schemaName="rsm_area" behavior="0" />
      <RootComponent type="432" schemaName="rsm_customerfeedback" behavior="0" />
      <RootComponent type="432" schemaName="rsm_job" behavior="0" />
      <RootComponent type="432" schemaName="rsm_tasktemplate" behavior="0" />
    </RootComponents>
    <MissingDependencies>
      <MissingDependency>
        <Required key="0" type="1" schemaName="msdyn_wallsavedqueryusersettings" displayName="Filter" solution="ActivityFeedsCore (9.0.0.0)" />
        <Dependent key="1" type="1" schemaName="systemuser" displayName="User" />
      </MissingDependency>
      <MissingDependency>
        <Required key="2" type="1" schemaName="msfp_survey" displayName="Forms Pro survey" solution="MicrosoftFormsPro (1.23.0.0)" />
        <Dependent key="1" type="1" schemaName="systemuser" displayName="User" />
      </MissingDependency>
      <MissingDependency>
        <Required key="3" type="2" schemaName="siteid" displayName="Site" parentSchemaName="systemuser" parentDisplayName="User" solution="msdynce_Service (9.0.5.56)" />
        <Dependent key="4" type="60" displayName="Information" parentDisplayName="User" id="{c0d7d7dd-afd0-4675-85fe-1cc5a48be6df}" />
      </MissingDependency>
      <MissingDependency>
        <Required key="5" type="2" schemaName="territoryid" displayName="Territory" parentSchemaName="systemuser" parentDisplayName="User" solution="msdynce_AppCommon (9.0.4.0066)" />
        <Dependent key="4" type="60" displayName="Information" parentDisplayName="User" id="{c0d7d7dd-afd0-4675-85fe-1cc5a48be6df}" />
      </MissingDependency>
      <MissingDependency>
        <Required key="6" type="66" schemaName="MscrmControls.FieldControls.ToggleControl" displayName="MscrmControls.FieldControls.ToggleControl" solution="BaseCustomControlsCore (9.0.2005.2010)" />
        <Dependent key="7" type="60" displayName="Information" parentDisplayName="Task Template" id="{2e73c5bd-786a-4e23-ae61-1147f3021234}" />
      </MissingDependency>
      <MissingDependency>
        <Required key="8" type="66" schemaName="MscrmControls.Grid.GridControl" displayName="MscrmControls.Grid.GridControl" solution="BaseCustomControlsCore (9.0.2005.2010)" />
        <Dependent key="9" type="68" id="{33335e08-3d3d-4d44-b22b-f9992d5c4dc2}" />
      </MissingDependency>
      <MissingDependency>
        <Required key="8" type="66" schemaName="MscrmControls.Grid.GridControl" displayName="MscrmControls.Grid.GridControl" solution="BaseCustomControlsCore (9.0.2005.2010)" />
        <Dependent key="10" type="60" displayName="Cleanliness - Manager Dashboard" id="{a9744b9e-92a6-ea11-a812-000d3a5c2ece}" />
      </MissingDependency>
      <MissingDependency>
        <Required key="8" type="66" schemaName="MscrmControls.Grid.GridControl" displayName="MscrmControls.Grid.GridControl" solution="BaseCustomControlsCore (9.0.2005.2010)" />
        <Dependent key="11" type="68" id="{932de828-11e9-4aca-a23d-25ef2cfb6dfa}" />
      </MissingDependency>
      <MissingDependency>
        <Required key="12" type="66" schemaName="MscrmControls.Knob.ArcKnobControl" displayName="MscrmControls.Knob.ArcKnobControl" solution="CustomControlsCore (9.1.0000.18046)" />
        <Dependent key="13" type="60" displayName="Information" parentDisplayName="Job" id="{0a070b9b-0b45-44c9-97be-008d01388151}" />
      </MissingDependency>
      <MissingDependency>
        <Required key="14" type="61" schemaName="msdyn_/ActivityFeeds.Form.js" displayName="msdyn_/ActivityFeeds.Form.js" solution="ActivityFeedsCore (9.0.0.0)" />
        <Dependent key="4" type="60" displayName="Information" parentDisplayName="User" id="{c0d7d7dd-afd0-4675-85fe-1cc5a48be6df}" />
      </MissingDependency>
      <MissingDependency>
        <Required key="15" type="61" schemaName="msdyn_/RecordWall.htm" displayName="msdyn_/RecordWall.htm" solution="ActivityFeedsCore (9.0.0.0)" />
        <Dependent key="4" type="60" displayName="Information" parentDisplayName="User" id="{c0d7d7dd-afd0-4675-85fe-1cc5a48be6df}" />
      </MissingDependency>
    </MissingDependencies>
  </SolutionManifest>
</ImportExportXml>