{"properties":{"connectionReferences":{"shared_commondataserviceforapps":{"runtimeSource":"embedded","connection":{},"api":{"name":"shared_commondataserviceforapps"}}},"definition":{"$schema":"https://schema.management.azure.com/providers/Microsoft.Logic/schemas/2016-06-01/workflowdefinition.json#","contentVersion":"1.0.0.0","parameters":{"$connections":{"defaultValue":{},"type":"Object"},"$authentication":{"defaultValue":{},"type":"SecureObject"}},"triggers":{"When_a_Job_is_created_and_the_Job_Template_is_not_null":{"type":"OpenApiConnectionWebhook","inputs":{"host":{"connectionName":"shared_commondataserviceforapps","operationId":"SubscribeWebhookTrigger","apiId":"/providers/Microsoft.PowerApps/apis/shared_commondataserviceforapps"},"parameters":{"subscriptionRequest/message":1,"subscriptionRequest/entityname":"rsm_job","subscriptionRequest/scope":4,"subscriptionRequest/filterexpression":"_rsm_jobtemplateid_value ne null"},"authentication":"@parameters('$authentication')"}}},"actions":{"List_Task_Templates_for_Job_Template":{"runAfter":{"Convert_to_local_time_zone":["Succeeded"]},"type":"OpenApiConnection","inputs":{"host":{"connectionName":"shared_commondataserviceforapps","operationId":"ListRecords","apiId":"/providers/Microsoft.PowerApps/apis/shared_commondataserviceforapps"},"parameters":{"entityName":"rsm_tasktemplates","$filter":"_rsm_jobtemplateid_value eq @{triggerOutputs()?['body/_rsm_jobtemplateid_value']}"},"authentication":"@parameters('$authentication')"}},"Apply_to_each_Task_Template":{"foreach":"@outputs('List_Task_Templates_for_Job_Template')?['body/value']","actions":{"Create_a_new_Task_Instance_record":{"runAfter":{},"type":"OpenApiConnection","inputs":{"host":{"connectionName":"shared_commondataserviceforapps","operationId":"CreateRecord","apiId":"/providers/Microsoft.PowerApps/apis/shared_commondataserviceforapps"},"parameters":{"entityName":"rsm_taskinstances","item/rsm_name":"@items('Apply_to_each_Task_Template')?['rsm_name']","item/rsm_JobID@odata.bind":"rsm_jobs(@{triggerOutputs()?['body/rsm_jobid']})","item/rsm_JobTemplateID@odata.bind":"rsm_jobtemplates(@{triggerOutputs()?['body/_rsm_jobtemplateid_value']})","item/ownerid@odata.bind":"systemusers(@{triggerOutputs()?['body/_ownerid_value']})","item/rsm_tasktemplateid@odata.bind":"rsm_tasktemplates(@{items('Apply_to_each_Task_Template')?['rsm_tasktemplateid']})"},"authentication":"@parameters('$authentication')"}}},"runAfter":{"List_Task_Templates_for_Job_Template":["Succeeded"]},"type":"Foreach"},"Current_time":{"runAfter":{},"type":"Expression","kind":"CurrentTime","inputs":{}},"Convert_to_local_time_zone":{"runAfter":{"Current_time":["Succeeded"]},"type":"Expression","kind":"ConvertTimeZone","inputs":{"baseTime":"@body('Current_time')","formatString":"d","sourceTimeZone":"UTC","destinationTimeZone":"Central Standard Time"}}},"outputs":{}}},"schemaVersion":"1.0.0.0"}