{"properties":{"connectionReferences":{"shared_commondataserviceforapps":{"runtimeSource":"embedded","connection":{},"api":{"name":"shared_commondataserviceforapps"}}},"definition":{"$schema":"https://schema.management.azure.com/providers/Microsoft.Logic/schemas/2016-06-01/workflowdefinition.json#","contentVersion":"1.0.0.0","parameters":{"$connections":{"defaultValue":{},"type":"Object"},"$authentication":{"defaultValue":{},"type":"SecureObject"}},"triggers":{"When_a_Job's_Start_Time_or_Duration_are_created_or_updated":{"type":"OpenApiConnectionWebhook","inputs":{"host":{"connectionName":"shared_commondataserviceforapps","operationId":"SubscribeWebhookTrigger","apiId":"/providers/Microsoft.PowerApps/apis/shared_commondataserviceforapps"},"parameters":{"subscriptionRequest/message":4,"subscriptionRequest/entityname":"rsm_job","subscriptionRequest/scope":4,"subscriptionRequest/filteringattributes":"rsm_durationinminutes,rsm_starttime"},"authentication":"@parameters('$authentication')"}}},"actions":{"Initialize_Estimated_Completion_Time":{"runAfter":{},"type":"InitializeVariable","inputs":{"variables":[{"name":"EstimatedCompletionTime","type":"string","value":"@{addMinutes(triggerOutputs()?['body/rsm_starttime'],triggerOutputs()?['body/rsm_durationinminutes'])}"}]}},"Update_Job_with_Estimated_Completion_Time":{"runAfter":{"Initialize_Estimated_Completion_Time":["Succeeded"]},"type":"OpenApiConnection","inputs":{"host":{"connectionName":"shared_commondataserviceforapps","operationId":"UpdateRecord","apiId":"/providers/Microsoft.PowerApps/apis/shared_commondataserviceforapps"},"parameters":{"entityName":"rsm_jobs","recordId":"@triggerOutputs()?['body/rsm_jobid']","item/rsm_estimatedcompletiontime":"@variables('EstimatedCompletionTime')"},"authentication":"@parameters('$authentication')"}}},"outputs":{}}},"schemaVersion":"1.0.0.0"}